<?xml version="1.0" encoding="UTF-8" standalone="yes"?>
<addon
	  id="repository.m0ngr31"
	  name="m0ngr31 Add-ons"
	  version="1.0.0"
	  provider-name="m0ngr31">
	  <requires>
	    <import addon="xbmc.addon"
	            version="12.0.0"/>
	  </requires>
	  <extension point="xbmc.addon.repository"
	             name="Unofficial queeup's Add-on Repository">
	    <info compressed="true">http://raw.github.com/m0ngr31/repository.m0ngr31/master/addons.xml</info>
	    <checksum>http://raw.github.com/m0ngr31/repository.m0ngr31/master/addons.xml.md5</checksum>
	    <datadir zip="true">http://raw.github.com/m0ngr31/repository.m0ngr31/master/download</datadir>
	    <hashes>false</hashes>
	  </extension>
	  <extension point="xbmc.addon.metadata">
	    <summary lang="en">Install Add-ons from m0ngr31's repository</summary>
	    <description lang="en">Download and install add-ons from the unofficial m0ngr31 addon repository.</description>
	    <disclaimer lang="en">I do not host any of the online video, audio, and photo files that some of the addons link to stored on third-party websites, nor do they upload such files themselves. They are not responsible for what other people upload to any third-party sites. Therefore we urge all copyright owners, to recognize that the links contained within these addons are located somewhere else on the web. The scraped embedded links point to the location of each video on the web. Please direct all copyright infringement issues to the companies that host these files :- Google, Dailymotion, Veoh, and so forth.</disclaimer>
	    <platform>all</platform>
	    <nofanart>true</nofanart>
	  </extension>
	</addon>
